{
	"format_version": "1.8.0",
	"animations": {
		"suicide": {
			"loop": true,
			"animation_length": 15.4,
			"bones": {
				"Head": {
					"rotation": {
						"0.0": {
							"vector": [0, 0, 0]
						},
						"3.0": {
							"vector": [0, 0, 0]
						},
						"14.6": {
							"vector": [0, 0, 0]
						},
						"15.0": {
							"vector": [0, 0, -20]
						}
					},
					"position": {
						"0.0": {
							"vector": [0, 0, 0]
						},
						"3.0": {
							"vector": [0, -0.02, 0]
						},
						"5.4": {
							"vector": [0, 0.03, 0]
						},
						"7.72": {
							"vector": [0, -0.09, 0]
						},
						"10.48": {
							"vector": [0, -0.08, 0]
						},
						"12.24": {
							"vector": [0, 0.17, 0]
						},
						"13.12": {
							"vector": [0, 0.17, 0]
						},
						"14.4": {
							"vector": [0, 0.17, 0]
						},
						"14.6": {
							"vector": [0, 4.17, -2]
						},
						"15.0": {
							"vector": [-6, 10.17, -5]
						}
					}
				},
				"RightArm": {
					"rotation": {
						"vector": [0, 0, 0]
					}
				},
				"LeftArm": {
					"rotation": {
						"vector": [0, 0, 0]
					}
				},
				"RightARM2": {
					"rotation": {
						"0.0": {
							"vector": [0, 0, 0]
						},
						"3.0": {
							"vector": [0, 0, 30]
						},
						"5.4": {
							"vector": [0, 0, 60]
						},
						"7.72": {
							"vector": [0, 0, 55]
						},
						"10.48": {
							"vector": [35.72104, 38.3808, 77.74706]
						},
						"12.24": {
							"vector": [31.79188, -13.90386, 41.15371]
						},
						"13.12": {
							"vector": [15.72104, 38.3808, 77.74706]
						},
						"13.44": {
							"vector": [3.22104, 38.3808, 77.74706]
						},
						"14.4": {
							"vector": [3.22104, 38.3808, 77.74706]
						}
					}
				},
				"LA3": {
					"rotation": {
						"vector": [0, 0, 0]
					}
				},
				"RA2": {
					"rotation": {
						"0.0": {
							"vector": [0, 0, 0]
						},
						"5.4": {
							"vector": [-75, 0, 0]
						},
						"10.48": {
							"vector": [-94.69212, 28.87909, -8.49878]
						},
						"12.24": {
							"vector": [-151.59827, 60.45609, -51.23868]
						},
						"13.12": {
							"vector": [-119.69212, 28.87909, -8.49878]
						},
						"13.32": {
							"vector": [-73.69212, 28.87909, -8.49878]
						},
						"13.44": {
							"vector": [-134.69212, 28.87909, -8.49878]
						},
						"14.4": {
							"vector": [-134.69212, 28.87909, -8.49878]
						},
						"14.6": {
							"vector": [-122.19212, 28.87909, -8.49878]
						},
						"15.0": {
							"vector": [-107.19212, 28.87909, -8.49878]
						}
					}
				},
				"RA3": {
					"rotation": {
						"0.0": {
							"vector": [0, 0, 0]
						},
						"7.72": {
							"vector": [-60, 0, 0]
						},
						"10.48": {
							"vector": [-80, 0, 0]
						},
						"12.24": {
							"vector": [-74.65279, -12.06754, -3.28396]
						},
						"13.12": {
							"vector": [-100, 0, 0]
						},
						"13.44": {
							"vector": [-80, 0, 0]
						},
						"14.4": {
							"vector": [-80, 0, 0]
						},
						"15.0": {
							"vector": [-42.5, 0, 0]
						}
					}
				},
				"LA2": {
					"rotation": {
						"vector": [0, 0, 0]
					}
				}
			}
		}
	},
	"geckolib_format_version": 2
}